,image,X,Y,score_1,label_id_1,label_code_1,label_name_1,score_2,label_id_2,label_code_2,label_name_2,score_3,label_id_3,label_code_3,label_name_3,score_4,label_id_4,label_code_4,label_name_4,score_5,label_id_5,label_code_5,label_name_5
0,HKARMS01_2B.jpg,118,118,0.7675927603780446,1886,_NR,ARMS-CREP-No Recruitment,0.0782809279337653,2787,_BFILM,ARMS-Biofilm,0.0688754069214798,1887,_UNAV,ARMS-CREP-Unavailable,0.03963176644203608,1905,_SED,ARMS-CREP-Sediment,0.020421717074185646,1899,_BRY,ARMS-CREP-Bryozoan
0,HKARMS01_2B.jpg,554,118,0.2837607314661586,1905,_SED,ARMS-CREP-Sediment,0.23785957518575052,1899,_BRY,ARMS-CREP-Bryozoan,0.08333422077443563,2787,_BFILM,ARMS-Biofilm,0.0497919433013962,1883,_RDEN,ARMS-CREP-Red encrusting macroalgae,0.0463336567505475,1897,_BI,ARMS-CREP-Bivalve
0,HKARMS01_2B.jpg,990,118,0.6544303223515524,1883,_RDEN,ARMS-CREP-Red encrusting macroalgae,0.09682013730054209,1603,_TUNS,Individual Tunicates,0.0939769811742412,1899,_BRY,ARMS-CREP-Bryozoan,0.08424767888198517,1903,_SP,ARMS-CREP-Sponge,0.021569206418804596,1897,_BI,ARMS-CREP-Bivalve
0,HKARMS01_2B.jpg,1426,118,0.49650108193908177,1903,_SP,ARMS-CREP-Sponge,0.15995455507092612,1899,_BRY,ARMS-CREP-Bryozoan,0.10048783490313205,1883,_RDEN,ARMS-CREP-Red encrusting macroalgae,0.0765784270065746,1603,_TUNS,Individual Tunicates,0.03820250696873812,1889,_CAWT,ARMS-CREP-Calcareous Worm Tube
0,HKARMS01_2B.jpg,1862,118,0.37325698265923984,1903,_SP,ARMS-CREP-Sponge,0.20950683597816633,1886,_NR,ARMS-CREP-No Recruitment,0.14324550140678846,1883,_RDEN,ARMS-CREP-Red encrusting macroalgae,0.06696164988802489,1899,_BRY,ARMS-CREP-Bryozoan,0.06610586840732247,1898,_BIEM,ARMS-CREP-Bivalve-empty
0,HKARMS01_2B.jpg,2298,118,0.4441206029871254,1903,_SP,ARMS-CREP-Sponge,0.3313446740894532,1603,_TUNS,Individual Tunicates,0.08297028390794178,1897,_BI,ARMS-CREP-Bivalve,0.07439983672471044,1887,_UNAV,ARMS-CREP-Unavailable,0.022152604045049915,1898,_BIEM,ARMS-CREP-Bivalve-empty
0,HKARMS01_2B.jpg,2734,118,0.427174472013978,1903,_SP,ARMS-CREP-Sponge,0.27235248317357597,1899,_BRY,ARMS-CREP-Bryozoan,0.09165439650358381,1887,_UNAV,ARMS-CREP-Unavailable,0.049280209087853855,1895,_TUNC,ARMS-CREP-Tunicate Colonial,0.045269879973123206,1897,_BI,ARMS-CREP-Bivalve
0,HKARMS01_2B.jpg,3171,118,0.6369733348097281,1883,_RDEN,ARMS-CREP-Red encrusting macroalgae,0.12187224713655817,1899,_BRY,ARMS-CREP-Bryozoan,0.0952709008411567,1903,_SP,ARMS-CREP-Sponge,0.02988159346008203,1897,_BI,ARMS-CREP-Bivalve,0.02706204771087536,1905,_SED,ARMS-CREP-Sediment
0,HKARMS01_2B.jpg,3607,118,0.4289756581329528,1883,_RDEN,ARMS-CREP-Red encrusting macroalgae,0.16742992609034688,1903,_SP,ARMS-CREP-Sponge,0.13241163253118338,1897,_BI,ARMS-CREP-Bivalve,0.10764516255369726,2787,_BFILM,ARMS-Biofilm,0.030836459281130373,1603,_TUNS,Individual Tunicates
0,HKARMS01_2B.jpg,4043,118,0.3241312465859576,1905,_SED,ARMS-CREP-Sediment,0.1703764263269765,1883,_RDEN,ARMS-CREP-Red encrusting macroalgae,0.08852588798974084,1897,_BI,ARMS-CREP-Bivalve,0.05990459653184996,1898,_BIEM,ARMS-CREP-Bivalve-empty,0.05731368587855004,1889,_CAWT,ARMS-CREP-Calcareous Worm Tube
0,HKARMS01_2B.jpg,4479,118,0.27744392490270825,1905,_SED,ARMS-CREP-Sediment,0.12968446083866078,1903,_SP,ARMS-CREP-Sponge,0.12879684827354537,1871,_CCA,ARMS-CREP-CCA,0.05618368702111503,1899,_BRY,ARMS-CREP-Bryozoan,0.05407899613890941,1883,_RDEN,ARMS-CREP-Red encrusting macroalgae
0,HKARMS01_2B.jpg,4915,118,0.28566398281048544,1897,_BI,ARMS-CREP-Bivalve,0.21951206010434285,1871,_CCA,ARMS-CREP-CCA,0.13206563821186418,988,_BAR,Barnacles,0.10313572424721745,1905,_SED,ARMS-CREP-Sediment,0.07774471063683161,1899,_BRY,ARMS-CREP-Bryozoan
0,HKARMS01_2B.jpg,5351,118,0.2964975538054919,1899,_BRY,ARMS-CREP-Bryozoan,0.1549275775134705,1887,_UNAV,ARMS-CREP-Unavailable,0.0844486784048918,1889,_CAWT,ARMS-CREP-Calcareous Worm Tube,0.0788944289560009,988,_BAR,Barnacles,0.06878589893903445,1898,_BIEM,ARMS-CREP-Bivalve-empty
0,HKARMS01_2B.jpg,5788,118,0.4361172270785685,1899,_BRY,ARMS-CREP-Bryozoan,0.16972354609821458,1886,_NR,ARMS-CREP-No Recruitment,0.09188141285693058,1889,_CAWT,ARMS-CREP-Calcareous Worm Tube,0.07042558585674874,2787,_BFILM,ARMS-Biofilm,0.05959848893984549,1898,_BIEM,ARMS-CREP-Bivalve-empty
0,HKARMS01_2B.jpg,118,554,0.20377771921624652,2787,_BFILM,ARMS-Biofilm,0.20170715151002339,1886,_NR,ARMS-CREP-No Recruitment,0.17422654147069688,1905,_SED,ARMS-CREP-Sediment,0.1252170961160874,1899,_BRY,ARMS-CREP-Bryozoan,0.09860738316340709,1887,_UNAV,ARMS-CREP-Unavailable
0,HKARMS01_2B.jpg,554,554,0.9805086310342732,1887,_UNAV,ARMS-CREP-Unavailable,0.005697940314609661,1890,_EGG,ARMS-CREP-Eggs,0.00429161249357937,988,_BAR,Barnacles,0.0022777604612894274,1898,_BIEM,ARMS-CREP-Bivalve-empty,0.0016687100131174992,1897,_BI,ARMS-CREP-Bivalve
0,HKARMS01_2B.jpg,990,554,0.43226845002342934,1897,_BI,ARMS-CREP-Bivalve,0.3110354407902994,1898,_BIEM,ARMS-CREP-Bivalve-empty,0.13991648685742392,1889,_CAWT,ARMS-CREP-Calcareous Worm Tube,0.029777732549017416,1905,_SED,ARMS-CREP-Sediment,0.02615051065908059,1903,_SP,ARMS-CREP-Sponge
0,HKARMS01_2B.jpg,1426,554,0.6575772686658135,1903,_SP,ARMS-CREP-Sponge,0.07745851735951907,1886,_NR,ARMS-CREP-No Recruitment,0.06408954191934774,1899,_BRY,ARMS-CREP-Bryozoan,0.056488627815756566,1603,_TUNS,Individual Tunicates,0.036764140174405505,1898,_BIEM,ARMS-CREP-Bivalve-empty
0,HKARMS01_2B.jpg,1862,554,0.41476670058071546,1899,_BRY,ARMS-CREP-Bryozoan,0.1671237147284263,1903,_SP,ARMS-CREP-Sponge,0.10917678372350614,1889,_CAWT,ARMS-CREP-Calcareous Worm Tube,0.07328081080970492,988,_BAR,Barnacles,0.03843604352858516,1898,_BIEM,ARMS-CREP-Bivalve-empty
0,HKARMS01_2B.jpg,2298,554,0.8585890502772321,1903,_SP,ARMS-CREP-Sponge,0.05941372841185901,1899,_BRY,ARMS-CREP-Bryozoan,0.020219515103749513,1897,_BI,ARMS-CREP-Bivalve,0.01170798128853275,1905,_SED,ARMS-CREP-Sediment,0.009163878092371023,1889,_CAWT,ARMS-CREP-Calcareous Worm Tube
0,HKARMS01_2B.jpg,2734,554,0.5819440908348513,1898,_BIEM,ARMS-CREP-Bivalve-empty,0.23629078630349382,1897,_BI,ARMS-CREP-Bivalve,0.10903173078585014,1903,_SP,ARMS-CREP-Sponge,0.03178532936336084,1889,_CAWT,ARMS-CREP-Calcareous Worm Tube,0.013902943791895618,988,_BAR,Barnacles
0,HKARMS01_2B.jpg,3171,554,0.6109197533036781,1886,_NR,ARMS-CREP-No Recruitment,0.32084586013639893,2787,_BFILM,ARMS-Biofilm,0.03655206140344015,1905,_SED,ARMS-CREP-Sediment,0.015544084280775491,1887,_UNAV,ARMS-CREP-Unavailable,0.008075158749263376,1889,_CAWT,ARMS-CREP-Calcareous Worm Tube
0,HKARMS01_2B.jpg,3607,554,0.8009431149415979,1886,_NR,ARMS-CREP-No Recruitment,0.06601894819607176,1887,_UNAV,ARMS-CREP-Unavailable,0.06402598430936755,2787,_BFILM,ARMS-Biofilm,0.03867757882960455,1905,_SED,ARMS-CREP-Sediment,0.01212641608228373,1899,_BRY,ARMS-CREP-Bryozoan
0,HKARMS01_2B.jpg,4043,554,0.5051984318669476,1899,_BRY,ARMS-CREP-Bryozoan,0.35835796627544225,1903,_SP,ARMS-CREP-Sponge,0.06804362853402131,1905,_SED,ARMS-CREP-Sediment,0.021431339360776496,1886,_NR,ARMS-CREP-No Recruitment,0.019000851729645583,1897,_BI,ARMS-CREP-Bivalve
0,HKARMS01_2B.jpg,4479,554,0.4299330940143162,2787,_BFILM,ARMS-Biofilm,0.35292279405782573,1886,_NR,ARMS-CREP-No Recruitment,0.16036691566078226,1905,_SED,ARMS-CREP-Sediment,0.023380193248561002,1899,_BRY,ARMS-CREP-Bryozoan,0.01336454431918544,1903,_SP,ARMS-CREP-Sponge
0,HKARMS01_2B.jpg,4915,554,0.4755379621566803,1871,_CCA,ARMS-CREP-CCA,0.169758631657852,1897,_BI,ARMS-CREP-Bivalve,0.09696244813664259,1887,_UNAV,ARMS-CREP-Unavailable,0.06544375493235519,1889,_CAWT,ARMS-CREP-Calcareous Worm Tube,0.05168556912259015,1905,_SED,ARMS-CREP-Sediment
0,HKARMS01_2B.jpg,5351,554,0.9642360429858763,1887,_UNAV,ARMS-CREP-Unavailable,0.024268885939051566,1890,_EGG,ARMS-CREP-Eggs,0.004195480498024716,1889,_CAWT,ARMS-CREP-Calcareous Worm Tube,0.0017348170966808986,988,_BAR,Barnacles,0.0013016514674051166,1898,_BIEM,ARMS-CREP-Bivalve-empty
0,HKARMS01_2B.jpg,5788,554,0.8002252932828229,1886,_NR,ARMS-CREP-No Recruitment,0.05246295500199484,2787,_BFILM,ARMS-Biofilm,0.04021929362097966,1905,_SED,ARMS-CREP-Sediment,0.03565141685467207,1899,_BRY,ARMS-CREP-Bryozoan,0.02791104186668107,1887,_UNAV,ARMS-CREP-Unavailable
0,HKARMS01_2B.jpg,118,991,0.39313820919410375,1889,_CAWT,ARMS-CREP-Calcareous Worm Tube,0.1918911910542666,2787,_BFILM,ARMS-Biofilm,0.1570346114562689,1905,_SED,ARMS-CREP-Sediment,0.0767682932525154,1899,_BRY,ARMS-CREP-Bryozoan,0.07179638910870405,1886,_NR,ARMS-CREP-No Recruitment
0,HKARMS01_2B.jpg,554,991,0.39282859993156904,1905,_SED,ARMS-CREP-Sediment,0.1777454333978314,1899,_BRY,ARMS-CREP-Bryozoan,0.12663726191486707,2787,_BFILM,ARMS-Biofilm,0.10741512724597238,1897,_BI,ARMS-CREP-Bivalve,0.07240208693891442,1887,_UNAV,ARMS-CREP-Unavailable
0,HKARMS01_2B.jpg,990,991,0.7496717660825595,1887,_UNAV,ARMS-CREP-Unavailable,0.1607171671805295,1886,_NR,ARMS-CREP-No Recruitment,0.03517751362087038,1899,_BRY,ARMS-CREP-Bryozoan,0.014713240794966794,1898,_BIEM,ARMS-CREP-Bivalve-empty,0.014552511224259575,2787,_BFILM,ARMS-Biofilm
0,HKARMS01_2B.jpg,1426,991,0.482327366415174,1897,_BI,ARMS-CREP-Bivalve,0.24390366342645564,1889,_CAWT,ARMS-CREP-Calcareous Worm Tube,0.10140901671532462,1898,_BIEM,ARMS-CREP-Bivalve-empty,0.06449429024332903,1899,_BRY,ARMS-CREP-Bryozoan,0.039696912974507906,1905,_SED,ARMS-CREP-Sediment
0,HKARMS01_2B.jpg,1862,991,0.2783054879628876,1886,_NR,ARMS-CREP-No Recruitment,0.1751384246069462,1897,_BI,ARMS-CREP-Bivalve,0.16556625053462282,1903,_SP,ARMS-CREP-Sponge,0.08550793199093956,1905,_SED,ARMS-CREP-Sediment,0.07286977582666834,1899,_BRY,ARMS-CREP-Bryozoan
0,HKARMS01_2B.jpg,2298,991,0.27637769050204863,1897,_BI,ARMS-CREP-Bivalve,0.1985501459291268,1903,_SP,ARMS-CREP-Sponge,0.17499878455321227,1899,_BRY,ARMS-CREP-Bryozoan,0.13976061863446934,1898,_BIEM,ARMS-CREP-Bivalve-empty,0.06570638152337242,988,_BAR,Barnacles
0,HKARMS01_2B.jpg,2734,991,0.36706394374223916,1897,_BI,ARMS-CREP-Bivalve,0.21774526280945777,1898,_BIEM,ARMS-CREP-Bivalve-empty,0.14624036548156463,1899,_BRY,ARMS-CREP-Bryozoan,0.09585659057074776,1903,_SP,ARMS-CREP-Sponge,0.05191722945365072,1603,_TUNS,Individual Tunicates
0,HKARMS01_2B.jpg,3171,991,0.48287529543899066,1899,_BRY,ARMS-CREP-Bryozoan,0.2086497649098283,1886,_NR,ARMS-CREP-No Recruitment,0.1533049448399022,1903,_SP,ARMS-CREP-Sponge,0.04840731605945975,2787,_BFILM,ARMS-Biofilm,0.03129353727368777,1897,_BI,ARMS-CREP-Bivalve
0,HKARMS01_2B.jpg,3607,991,0.4446272292919176,2787,_BFILM,ARMS-Biofilm,0.43408111763547075,1905,_SED,ARMS-CREP-Sediment,0.023388142290967112,1886,_NR,ARMS-CREP-No Recruitment,0.022883489918277503,1891,_FORM,ARMS-CREP-Foraminifera,0.013870759823807373,1889,_CAWT,ARMS-CREP-Calcareous Worm Tube
0,HKARMS01_2B.jpg,4043,991,0.4921630371853541,1886,_NR,ARMS-CREP-No Recruitment,0.21792160095099702,2787,_BFILM,ARMS-Biofilm,0.15452965766243265,1905,_SED,ARMS-CREP-Sediment,0.04826916856616211,1891,_FORM,ARMS-CREP-Foraminifera,0.039968838325228906,1899,_BRY,ARMS-CREP-Bryozoan
0,HKARMS01_2B.jpg,4479,991,0.4220693249285185,1889,_CAWT,ARMS-CREP-Calcareous Worm Tube,0.131776292313696,1899,_BRY,ARMS-CREP-Bryozoan,0.12339568357684691,1898,_BIEM,ARMS-CREP-Bivalve-empty,0.06096493324058211,1897,_BI,ARMS-CREP-Bivalve,0.058342129307428804,1871,_CCA,ARMS-CREP-CCA
0,HKARMS01_2B.jpg,4915,991,0.8461590893258402,1887,_UNAV,ARMS-CREP-Unavailable,0.09977003891388532,1886,_NR,ARMS-CREP-No Recruitment,0.02648052597105617,1899,_BRY,ARMS-CREP-Bryozoan,0.007304702805010177,2787,_BFILM,ARMS-Biofilm,0.0062169426490847534,1898,_BIEM,ARMS-CREP-Bivalve-empty
0,HKARMS01_2B.jpg,5351,991,0.4906426336853259,1871,_CCA,ARMS-CREP-CCA,0.18495105484570804,1883,_RDEN,ARMS-CREP-Red encrusting macroalgae,0.08159064302600866,2787,_BFILM,ARMS-Biofilm,0.05265726823395336,1903,_SP,ARMS-CREP-Sponge,0.04754802665061922,1899,_BRY,ARMS-CREP-Bryozoan
0,HKARMS01_2B.jpg,5788,991,0.2949138354991769,1903,_SP,ARMS-CREP-Sponge,0.20875937793932947,1899,_BRY,ARMS-CREP-Bryozoan,0.1996212062141974,1871,_CCA,ARMS-CREP-CCA,0.1030929950081655,1897,_BI,ARMS-CREP-Bivalve,0.061448227546238944,1905,_SED,ARMS-CREP-Sediment
0,HKARMS01_2B.jpg,118,1428,0.38548131632912513,1903,_SP,ARMS-CREP-Sponge,0.31114457909430376,1899,_BRY,ARMS-CREP-Bryozoan,0.10083573357998953,1897,_BI,ARMS-CREP-Bivalve,0.04483244486493442,1905,_SED,ARMS-CREP-Sediment,0.037206715143281534,1886,_NR,ARMS-CREP-No Recruitment
0,HKARMS01_2B.jpg,554,1428,0.4149210043280919,1903,_SP,ARMS-CREP-Sponge,0.31312030127436524,1899,_BRY,ARMS-CREP-Bryozoan,0.12791939273486574,1871,_CCA,ARMS-CREP-CCA,0.04292810141104096,2787,_BFILM,ARMS-Biofilm,0.02902507493531113,1897,_BI,ARMS-CREP-Bivalve
0,HKARMS01_2B.jpg,990,1428,0.2579905195972064,1889,_CAWT,ARMS-CREP-Calcareous Worm Tube,0.12385083115753663,1905,_SED,ARMS-CREP-Sediment,0.10547429786681817,1887,_UNAV,ARMS-CREP-Unavailable,0.09666133171924923,1871,_CCA,ARMS-CREP-CCA,0.09063008340615114,1898,_BIEM,ARMS-CREP-Bivalve-empty
0,HKARMS01_2B.jpg,1426,1428,0.7467779269167216,1887,_UNAV,ARMS-CREP-Unavailable,0.23596899449415762,1886,_NR,ARMS-CREP-No Recruitment,0.005071004688092077,1898,_BIEM,ARMS-CREP-Bivalve-empty,0.004589942957469533,2787,_BFILM,ARMS-Biofilm,0.0016511954694415096,1899,_BRY,ARMS-CREP-Bryozoan
0,HKARMS01_2B.jpg,1862,1428,0.6240908572023119,1899,_BRY,ARMS-CREP-Bryozoan,0.16739891151233136,1886,_NR,ARMS-CREP-No Recruitment,0.07862105551360721,1898,_BIEM,ARMS-CREP-Bivalve-empty,0.04268835581697925,1897,_BI,ARMS-CREP-Bivalve,0.041162708910583705,1887,_UNAV,ARMS-CREP-Unavailable
0,HKARMS01_2B.jpg,2298,1428,0.5049921536977,1886,_NR,ARMS-CREP-No Recruitment,0.3380288749383314,2787,_BFILM,ARMS-Biofilm,0.07332901574920939,1899,_BRY,ARMS-CREP-Bryozoan,0.025237450584815902,1887,_UNAV,ARMS-CREP-Unavailable,0.022857463003989383,1905,_SED,ARMS-CREP-Sediment
0,HKARMS01_2B.jpg,2734,1428,0.7134466543435176,1887,_UNAV,ARMS-CREP-Unavailable,0.18149486241222437,1886,_NR,ARMS-CREP-No Recruitment,0.03247096862435605,1899,_BRY,ARMS-CREP-Bryozoan,0.018362301051795364,2787,_BFILM,ARMS-Biofilm,0.012284019332521136,1898,_BIEM,ARMS-CREP-Bivalve-empty
0,HKARMS01_2B.jpg,3171,1428,0.4597878973895356,2787,_BFILM,ARMS-Biofilm,0.24614777109255137,1905,_SED,ARMS-CREP-Sediment,0.08638285275577617,1889,_CAWT,ARMS-CREP-Calcareous Worm Tube,0.0546047123157827,1903,_SP,ARMS-CREP-Sponge,0.03645532773973914,1887,_UNAV,ARMS-CREP-Unavailable
0,HKARMS01_2B.jpg,3607,1428,0.7745922391792891,1886,_NR,ARMS-CREP-No Recruitment,0.09070859264282094,1899,_BRY,ARMS-CREP-Bryozoan,0.06836601237025897,2787,_BFILM,ARMS-Biofilm,0.022489336756657933,1889,_CAWT,ARMS-CREP-Calcareous Worm Tube,0.013710791825050982,1905,_SED,ARMS-CREP-Sediment
0,HKARMS01_2B.jpg,4043,1428,0.2994296260025672,1886,_NR,ARMS-CREP-No Recruitment,0.19699017601114194,1905,_SED,ARMS-CREP-Sediment,0.1614619180628079,2787,_BFILM,ARMS-Biofilm,0.13760145015604403,1903,_SP,ARMS-CREP-Sponge,0.08746374402850988,1887,_UNAV,ARMS-CREP-Unavailable
0,HKARMS01_2B.jpg,4479,1428,0.7015486009628484,1887,_UNAV,ARMS-CREP-Unavailable,0.26909972887789047,1886,_NR,ARMS-CREP-No Recruitment,0.008769095281902837,1899,_BRY,ARMS-CREP-Bryozoan,0.006582227083445864,1898,_BIEM,ARMS-CREP-Bivalve-empty,0.0033496254769077288,2787,_BFILM,ARMS-Biofilm
0,HKARMS01_2B.jpg,4915,1428,0.3695711262145577,1905,_SED,ARMS-CREP-Sediment,0.27828607716973963,1886,_NR,ARMS-CREP-No Recruitment,0.10688612638081671,2787,_BFILM,ARMS-Biofilm,0.07084929211571835,1899,_BRY,ARMS-CREP-Bryozoan,0.04933005884233082,1871,_CCA,ARMS-CREP-CCA
0,HKARMS01_2B.jpg,5351,1428,0.24310347329691986,1905,_SED,ARMS-CREP-Sediment,0.18255575912651723,1889,_CAWT,ARMS-CREP-Calcareous Worm Tube,0.12941894370649015,1899,_BRY,ARMS-CREP-Bryozoan,0.11199276222345636,1903,_SP,ARMS-CREP-Sponge,0.0490077331359049,1897,_BI,ARMS-CREP-Bivalve
0,HKARMS01_2B.jpg,5788,1428,0.340858354218716,1899,_BRY,ARMS-CREP-Bryozoan,0.14083206380780616,1897,_BI,ARMS-CREP-Bivalve,0.12821141716117673,1905,_SED,ARMS-CREP-Sediment,0.1035007495686909,1871,_CCA,ARMS-CREP-CCA,0.06488178949466566,1903,_SP,ARMS-CREP-Sponge
0,HKARMS01_2B.jpg,118,1865,0.8891847026233188,1899,_BRY,ARMS-CREP-Bryozoan,0.02776625711342495,1897,_BI,ARMS-CREP-Bivalve,0.01648307592665647,1903,_SP,ARMS-CREP-Sponge,0.011080821794051513,988,_BAR,Barnacles,0.010185078658657037,1889,_CAWT,ARMS-CREP-Calcareous Worm Tube
0,HKARMS01_2B.jpg,554,1865,0.44266952793521547,1899,_BRY,ARMS-CREP-Bryozoan,0.4000152924026174,1903,_SP,ARMS-CREP-Sponge,0.05121649541214072,1891,_FORM,ARMS-CREP-Foraminifera,0.02732951391208179,1889,_CAWT,ARMS-CREP-Calcareous Worm Tube,0.016309906455476714,1603,_TUNS,Individual Tunicates
0,HKARMS01_2B.jpg,990,1865,0.4919522369520545,1905,_SED,ARMS-CREP-Sediment,0.18507010694817863,1903,_SP,ARMS-CREP-Sponge,0.08827154581423073,1897,_BI,ARMS-CREP-Bivalve,0.0783137910527545,1899,_BRY,ARMS-CREP-Bryozoan,0.05851254912278899,1889,_CAWT,ARMS-CREP-Calcareous Worm Tube
0,HKARMS01_2B.jpg,1426,1865,0.42277384898464754,2787,_BFILM,ARMS-Biofilm,0.35140600261451604,1886,_NR,ARMS-CREP-No Recruitment,0.08883696476486182,1905,_SED,ARMS-CREP-Sediment,0.07161974912288957,1899,_BRY,ARMS-CREP-Bryozoan,0.028089037576665556,1889,_CAWT,ARMS-CREP-Calcareous Worm Tube
0,HKARMS01_2B.jpg,1862,1865,0.7119783002864671,1887,_UNAV,ARMS-CREP-Unavailable,0.23113663581625027,1886,_NR,ARMS-CREP-No Recruitment,0.011581974700184188,1898,_BIEM,ARMS-CREP-Bivalve-empty,0.011436608352141333,1871,_CCA,ARMS-CREP-CCA,0.010661361957525834,1899,_BRY,ARMS-CREP-Bryozoan
0,HKARMS01_2B.jpg,2298,1865,0.5808396021516911,1886,_NR,ARMS-CREP-No Recruitment,0.36204847912142585,1887,_UNAV,ARMS-CREP-Unavailable,0.021410723903243806,2787,_BFILM,ARMS-Biofilm,0.017661815982238812,1905,_SED,ARMS-CREP-Sediment,0.004828276381692181,1891,_FORM,ARMS-CREP-Foraminifera
0,HKARMS01_2B.jpg,2734,1865,0.6487283255253056,1886,_NR,ARMS-CREP-No Recruitment,0.27084238923114895,2787,_BFILM,ARMS-Biofilm,0.03378268130095048,1887,_UNAV,ARMS-CREP-Unavailable,0.022396082748168344,1905,_SED,ARMS-CREP-Sediment,0.01231082365219479,1899,_BRY,ARMS-CREP-Bryozoan
0,HKARMS01_2B.jpg,3171,1865,0.4225525017956313,1903,_SP,ARMS-CREP-Sponge,0.34787277026322916,1899,_BRY,ARMS-CREP-Bryozoan,0.08429077660259929,1886,_NR,ARMS-CREP-No Recruitment,0.06481445560498525,1897,_BI,ARMS-CREP-Bivalve,0.021275456635692507,1905,_SED,ARMS-CREP-Sediment
0,HKARMS01_2B.jpg,3607,1865,0.3551125303843853,2787,_BFILM,ARMS-Biofilm,0.2333349637493747,1905,_SED,ARMS-CREP-Sediment,0.22920700993539933,1886,_NR,ARMS-CREP-No Recruitment,0.059497814514811925,1889,_CAWT,ARMS-CREP-Calcareous Worm Tube,0.04621896073648483,1891,_FORM,ARMS-CREP-Foraminifera
0,HKARMS01_2B.jpg,4043,1865,0.6461701475651219,1887,_UNAV,ARMS-CREP-Unavailable,0.3349988015327458,1886,_NR,ARMS-CREP-No Recruitment,0.009790866711547634,2787,_BFILM,ARMS-Biofilm,0.0040365991587275685,1899,_BRY,ARMS-CREP-Bryozoan,0.0013111640296211713,1898,_BIEM,ARMS-CREP-Bivalve-empty
0,HKARMS01_2B.jpg,4479,1865,0.1857926874382003,1905,_SED,ARMS-CREP-Sediment,0.1726418045222152,1889,_CAWT,ARMS-CREP-Calcareous Worm Tube,0.09364835465409597,1899,_BRY,ARMS-CREP-Bryozoan,0.08764721249185527,2787,_BFILM,ARMS-Biofilm,0.07819763838243224,1903,_SP,ARMS-CREP-Sponge
0,HKARMS01_2B.jpg,4915,1865,0.2615763344319345,1883,_RDEN,ARMS-CREP-Red encrusting macroalgae,0.15052142822221531,1897,_BI,ARMS-CREP-Bivalve,0.12234004446711977,1889,_CAWT,ARMS-CREP-Calcareous Worm Tube,0.10400703656849533,1899,_BRY,ARMS-CREP-Bryozoan,0.08352475557499857,1905,_SED,ARMS-CREP-Sediment
0,HKARMS01_2B.jpg,5351,1865,0.25405791792722104,1903,_SP,ARMS-CREP-Sponge,0.24941788439695164,1889,_CAWT,ARMS-CREP-Calcareous Worm Tube,0.19704127288206508,1899,_BRY,ARMS-CREP-Bryozoan,0.08812571634583968,1905,_SED,ARMS-CREP-Sediment,0.08789330659245621,1895,_TUNC,ARMS-CREP-Tunicate Colonial
0,HKARMS01_2B.jpg,5788,1865,0.3581270094821854,1905,_SED,ARMS-CREP-Sediment,0.18395062743838508,1899,_BRY,ARMS-CREP-Bryozoan,0.1549268572071414,2787,_BFILM,ARMS-Biofilm,0.0820197859258763,1903,_SP,ARMS-CREP-Sponge,0.06829337024105311,1889,_CAWT,ARMS-CREP-Calcareous Worm Tube
0,HKARMS01_2B.jpg,118,2302,0.8850343201776686,1899,_BRY,ARMS-CREP-Bryozoan,0.027361306858612048,1903,_SP,ARMS-CREP-Sponge,0.026288717606970945,1897,_BI,ARMS-CREP-Bivalve,0.017245833462445247,1603,_TUNS,Individual Tunicates,0.014473286518856284,1898,_BIEM,ARMS-CREP-Bivalve-empty
0,HKARMS01_2B.jpg,554,2302,0.8206763411481458,1903,_SP,ARMS-CREP-Sponge,0.09004121266347365,1899,_BRY,ARMS-CREP-Bryozoan,0.0151874557180118,1887,_UNAV,ARMS-CREP-Unavailable,0.014297654945340023,2787,_BFILM,ARMS-Biofilm,0.01224315813110702,1886,_NR,ARMS-CREP-No Recruitment
0,HKARMS01_2B.jpg,990,2302,0.8364911785115976,1903,_SP,ARMS-CREP-Sponge,0.054585102775115586,1603,_TUNS,Individual Tunicates,0.027334897964161286,1899,_BRY,ARMS-CREP-Bryozoan,0.022182469177031452,1897,_BI,ARMS-CREP-Bivalve,0.017382501050372586,1887,_UNAV,ARMS-CREP-Unavailable
0,HKARMS01_2B.jpg,1426,2302,0.38498551408787207,1903,_SP,ARMS-CREP-Sponge,0.31210068625042303,1897,_BI,ARMS-CREP-Bivalve,0.20090608973577,1899,_BRY,ARMS-CREP-Bryozoan,0.02464549921613818,1905,_SED,ARMS-CREP-Sediment,0.02456788762594754,1898,_BIEM,ARMS-CREP-Bivalve-empty
0,HKARMS01_2B.jpg,1862,2302,0.4103059124326781,2787,_BFILM,ARMS-Biofilm,0.35848854169946753,1886,_NR,ARMS-CREP-No Recruitment,0.12655323137641952,1905,_SED,ARMS-CREP-Sediment,0.08497892371121624,1887,_UNAV,ARMS-CREP-Unavailable,0.007917547365730507,1889,_CAWT,ARMS-CREP-Calcareous Worm Tube
0,HKARMS01_2B.jpg,2298,2302,0.6963684490670619,1887,_UNAV,ARMS-CREP-Unavailable,0.2632944818685049,1886,_NR,ARMS-CREP-No Recruitment,0.0130936288777515,2787,_BFILM,ARMS-Biofilm,0.007237316064604366,1899,_BRY,ARMS-CREP-Bryozoan,0.006571289254895647,1905,_SED,ARMS-CREP-Sediment
0,HKARMS01_2B.jpg,2734,2302,0.8130270075359113,1886,_NR,ARMS-CREP-No Recruitment,0.11906651097732651,1899,_BRY,ARMS-CREP-Bryozoan,0.04339809196915605,2787,_BFILM,ARMS-Biofilm,0.012269473785133758,1887,_UNAV,ARMS-CREP-Unavailable,0.006304178018733354,1905,_SED,ARMS-CREP-Sediment
0,HKARMS01_2B.jpg,3171,2302,0.4161624827176884,2787,_BFILM,ARMS-Biofilm,0.2885107840303334,1905,_SED,ARMS-CREP-Sediment,0.05283970984958834,1887,_UNAV,ARMS-CREP-Unavailable,0.049593568363674394,1903,_SP,ARMS-CREP-Sponge,0.046981838970480395,1899,_BRY,ARMS-CREP-Bryozoan
0,HKARMS01_2B.jpg,3607,2302,0.498583557506359,1887,_UNAV,ARMS-CREP-Unavailable,0.4866656179513108,1886,_NR,ARMS-CREP-No Recruitment,0.007579528038929162,2787,_BFILM,ARMS-Biofilm,0.0016362793465293337,1898,_BIEM,ARMS-CREP-Bivalve-empty,0.0013694526210812216,1905,_SED,ARMS-CREP-Sediment
0,HKARMS01_2B.jpg,4043,2302,0.5786108116608085,1886,_NR,ARMS-CREP-No Recruitment,0.34750733889149193,1887,_UNAV,ARMS-CREP-Unavailable,0.038508066979312125,2787,_BFILM,ARMS-Biofilm,0.017894468642608692,1905,_SED,ARMS-CREP-Sediment,0.004452430541598939,1899,_BRY,ARMS-CREP-Bryozoan
0,HKARMS01_2B.jpg,4479,2302,0.4675755576813927,1889,_CAWT,ARMS-CREP-Calcareous Worm Tube,0.32171057597417846,1899,_BRY,ARMS-CREP-Bryozoan,0.09028770630332922,1905,_SED,ARMS-CREP-Sediment,0.042910719637306596,1903,_SP,ARMS-CREP-Sponge,0.019006351025982308,1887,_UNAV,ARMS-CREP-Unavailable
0,HKARMS01_2B.jpg,4915,2302,0.46001479961435304,1903,_SP,ARMS-CREP-Sponge,0.1593550488563058,2787,_BFILM,ARMS-Biofilm,0.12663308929221037,1899,_BRY,ARMS-CREP-Bryozoan,0.11388230435007322,1889,_CAWT,ARMS-CREP-Calcareous Worm Tube,0.07171954698788643,1905,_SED,ARMS-CREP-Sediment
0,HKARMS01_2B.jpg,5351,2302,0.3080573687725182,1903,_SP,ARMS-CREP-Sponge,0.2939293245698234,1905,_SED,ARMS-CREP-Sediment,0.14212100210517747,1899,_BRY,ARMS-CREP-Bryozoan,0.11598538160739146,2787,_BFILM,ARMS-Biofilm,0.07359482197699282,1886,_NR,ARMS-CREP-No Recruitment
0,HKARMS01_2B.jpg,5788,2302,0.6116395699137441,1886,_NR,ARMS-CREP-No Recruitment,0.18770971161398006,2787,_BFILM,ARMS-Biofilm,0.1318177740384713,1905,_SED,ARMS-CREP-Sediment,0.026431115274091175,1899,_BRY,ARMS-CREP-Bryozoan,0.01542792114146508,1889,_CAWT,ARMS-CREP-Calcareous Worm Tube
0,HKARMS01_2B.jpg,118,2739,0.8295979860045197,1899,_BRY,ARMS-CREP-Bryozoan,0.04630971929712713,1903,_SP,ARMS-CREP-Sponge,0.02758262695903949,1897,_BI,ARMS-CREP-Bivalve,0.024384732621355286,1873,_BREN,ARMS-CREP-Brown encrusting macroalgae,0.01445881875017794,2787,_BFILM,ARMS-Biofilm
0,HKARMS01_2B.jpg,554,2739,0.6540772676965625,1903,_SP,ARMS-CREP-Sponge,0.0956060895112138,1905,_SED,ARMS-CREP-Sediment,0.03826743285066554,2787,_BFILM,ARMS-Biofilm,0.03605106712516055,1603,_TUNS,Individual Tunicates,0.03546634321371592,1897,_BI,ARMS-CREP-Bivalve
0,HKARMS01_2B.jpg,990,2739,0.5254136973418375,1903,_SP,ARMS-CREP-Sponge,0.3581989588067117,1899,_BRY,ARMS-CREP-Bryozoan,0.021216450239189045,1603,_TUNS,Individual Tunicates,0.018813006357294795,1905,_SED,ARMS-CREP-Sediment,0.0163204628172571,2787,_BFILM,ARMS-Biofilm
0,HKARMS01_2B.jpg,1426,2739,0.30784615024693907,1903,_SP,ARMS-CREP-Sponge,0.21381974984043906,2787,_BFILM,ARMS-Biofilm,0.11525142398739209,1899,_BRY,ARMS-CREP-Bryozoan,0.10854316227575236,1905,_SED,ARMS-CREP-Sediment,0.10078514780292809,1886,_NR,ARMS-CREP-No Recruitment
0,HKARMS01_2B.jpg,1862,2739,0.5186987376443826,1889,_CAWT,ARMS-CREP-Calcareous Worm Tube,0.22071389926316878,2787,_BFILM,ARMS-Biofilm,0.11743367205872195,1886,_NR,ARMS-CREP-No Recruitment,0.041393790308965256,1899,_BRY,ARMS-CREP-Bryozoan,0.0372897559154271,1905,_SED,ARMS-CREP-Sediment
0,HKARMS01_2B.jpg,2298,2739,0.7556921322874455,1886,_NR,ARMS-CREP-No Recruitment,0.14062244890371686,2787,_BFILM,ARMS-Biofilm,0.04222237964942578,1889,_CAWT,ARMS-CREP-Calcareous Worm Tube,0.025569956441059204,1905,_SED,ARMS-CREP-Sediment,0.01964622615521648,1887,_UNAV,ARMS-CREP-Unavailable
0,HKARMS01_2B.jpg,2734,2739,0.6014149552877901,1887,_UNAV,ARMS-CREP-Unavailable,0.3595485810849102,1886,_NR,ARMS-CREP-No Recruitment,0.021530555023571343,2787,_BFILM,ARMS-Biofilm,0.005072115113759712,1898,_BIEM,ARMS-CREP-Bivalve-empty,0.004129507181915177,1899,_BRY,ARMS-CREP-Bryozoan
0,HKARMS01_2B.jpg,3171,2739,0.5282704405557993,1887,_UNAV,ARMS-CREP-Unavailable,0.4308072155228947,1886,_NR,ARMS-CREP-No Recruitment,0.02232698086552186,2787,_BFILM,ARMS-Biofilm,0.005007608871034371,1905,_SED,ARMS-CREP-Sediment,0.003751743485962295,1898,_BIEM,ARMS-CREP-Bivalve-empty
0,HKARMS01_2B.jpg,3607,2739,0.7830241782072209,1889,_CAWT,ARMS-CREP-Calcareous Worm Tube,0.09589371409632452,2787,_BFILM,ARMS-Biofilm,0.07551346927421436,1887,_UNAV,ARMS-CREP-Unavailable,0.02109710276683897,1903,_SP,ARMS-CREP-Sponge,0.0072329029972313975,1886,_NR,ARMS-CREP-No Recruitment
0,HKARMS01_2B.jpg,4043,2739,0.6223815529375154,1889,_CAWT,ARMS-CREP-Calcareous Worm Tube,0.19748273817690776,1899,_BRY,ARMS-CREP-Bryozoan,0.07341733515056274,1903,_SP,ARMS-CREP-Sponge,0.05731385716412665,1905,_SED,ARMS-CREP-Sediment,0.01504783999879141,1873,_BREN,ARMS-CREP-Brown encrusting macroalgae
0,HKARMS01_2B.jpg,4479,2739,0.27988596393882476,1899,_BRY,ARMS-CREP-Bryozoan,0.27062031204289233,1889,_CAWT,ARMS-CREP-Calcareous Worm Tube,0.20288104844168836,1905,_SED,ARMS-CREP-Sediment,0.09758588883595493,1903,_SP,ARMS-CREP-Sponge,0.05764387675685793,1891,_FORM,ARMS-CREP-Foraminifera
0,HKARMS01_2B.jpg,4915,2739,0.6959285529189128,1899,_BRY,ARMS-CREP-Bryozoan,0.2702140275657687,1903,_SP,ARMS-CREP-Sponge,0.012405788026336094,1905,_SED,ARMS-CREP-Sediment,0.004307324885097458,2787,_BFILM,ARMS-Biofilm,0.003529565278301817,1886,_NR,ARMS-CREP-No Recruitment
0,HKARMS01_2B.jpg,5351,2739,0.3454880728934594,1899,_BRY,ARMS-CREP-Bryozoan,0.2023617065961079,1903,_SP,ARMS-CREP-Sponge,0.14352175289485186,1905,_SED,ARMS-CREP-Sediment,0.11655535467254917,1886,_NR,ARMS-CREP-No Recruitment,0.09244600705626033,1889,_CAWT,ARMS-CREP-Calcareous Worm Tube
0,HKARMS01_2B.jpg,5788,2739,0.5163882939146771,1899,_BRY,ARMS-CREP-Bryozoan,0.1929504411834115,1905,_SED,ARMS-CREP-Sediment,0.13970145228601927,1903,_SP,ARMS-CREP-Sponge,0.047420483219638175,1891,_FORM,ARMS-CREP-Foraminifera,0.017538683023867848,1871,_CCA,ARMS-CREP-CCA
0,HKARMS01_2B.jpg,118,3176,0.7127297402441799,1903,_SP,ARMS-CREP-Sponge,0.19259594692672086,1899,_BRY,ARMS-CREP-Bryozoan,0.042405609870730124,1897,_BI,ARMS-CREP-Bivalve,0.01758209284400146,1887,_UNAV,ARMS-CREP-Unavailable,0.017124209731901534,1898,_BIEM,ARMS-CREP-Bivalve-empty
0,HKARMS01_2B.jpg,554,3176,0.560675253281905,1903,_SP,ARMS-CREP-Sponge,0.10366067449445848,1899,_BRY,ARMS-CREP-Bryozoan,0.07808249632665056,1603,_TUNS,Individual Tunicates,0.0777783628075664,1897,_BI,ARMS-CREP-Bivalve,0.06827636607408132,1905,_SED,ARMS-CREP-Sediment
0,HKARMS01_2B.jpg,990,3176,0.677066202080658,1897,_BI,ARMS-CREP-Bivalve,0.1383165520198674,1898,_BIEM,ARMS-CREP-Bivalve-empty,0.12337794606150214,1903,_SP,ARMS-CREP-Sponge,0.01597137035412433,1899,_BRY,ARMS-CREP-Bryozoan,0.013841007019642136,1886,_NR,ARMS-CREP-No Recruitment
0,HKARMS01_2B.jpg,1426,3176,0.5111161123771882,1889,_CAWT,ARMS-CREP-Calcareous Worm Tube,0.20172034579445444,1897,_BI,ARMS-CREP-Bivalve,0.10053938763676043,2787,_BFILM,ARMS-Biofilm,0.05974613771919011,1887,_UNAV,ARMS-CREP-Unavailable,0.033644836152180745,1899,_BRY,ARMS-CREP-Bryozoan
0,HKARMS01_2B.jpg,1862,3176,0.3886948006126096,1905,_SED,ARMS-CREP-Sediment,0.3083619804072936,1886,_NR,ARMS-CREP-No Recruitment,0.22034311657359668,2787,_BFILM,ARMS-Biofilm,0.018206013489076172,1897,_BI,ARMS-CREP-Bivalve,0.009673874669106592,1899,_BRY,ARMS-CREP-Bryozoan
0,HKARMS01_2B.jpg,2298,3176,0.6800292916018456,1886,_NR,ARMS-CREP-No Recruitment,0.2367272032283656,2787,_BFILM,ARMS-Biofilm,0.032635596626697856,1905,_SED,ARMS-CREP-Sediment,0.015723232069822055,1887,_UNAV,ARMS-CREP-Unavailable,0.012846106838427183,1889,_CAWT,ARMS-CREP-Calcareous Worm Tube
0,HKARMS01_2B.jpg,2734,3176,0.5518325785947689,1887,_UNAV,ARMS-CREP-Unavailable,0.41933957611036393,1886,_NR,ARMS-CREP-No Recruitment,0.012612105289627043,2787,_BFILM,ARMS-Biofilm,0.0036236674658022662,1905,_SED,ARMS-CREP-Sediment,0.0028093682602863277,1898,_BIEM,ARMS-CREP-Bivalve-empty
0,HKARMS01_2B.jpg,3171,3176,0.545211967360613,1886,_NR,ARMS-CREP-No Recruitment,0.33946690809846536,1887,_UNAV,ARMS-CREP-Unavailable,0.057238631676461656,2787,_BFILM,ARMS-Biofilm,0.03158323770456108,1905,_SED,ARMS-CREP-Sediment,0.007919368873964558,1871,_CCA,ARMS-CREP-CCA
0,HKARMS01_2B.jpg,3607,3176,0.8157265529538564,1889,_CAWT,ARMS-CREP-Calcareous Worm Tube,0.0628434591874117,1903,_SP,ARMS-CREP-Sponge,0.040184299818551344,1899,_BRY,ARMS-CREP-Bryozoan,0.024289146980402264,1886,_NR,ARMS-CREP-No Recruitment,0.022177557924415253,2787,_BFILM,ARMS-Biofilm
0,HKARMS01_2B.jpg,4043,3176,0.5639116754550595,1889,_CAWT,ARMS-CREP-Calcareous Worm Tube,0.22289383306286295,1899,_BRY,ARMS-CREP-Bryozoan,0.1457179842683816,1903,_SP,ARMS-CREP-Sponge,0.018376308745709263,1905,_SED,ARMS-CREP-Sediment,0.013308917788660939,1897,_BI,ARMS-CREP-Bivalve
0,HKARMS01_2B.jpg,4479,3176,0.3719696339544028,1903,_SP,ARMS-CREP-Sponge,0.24244333019859093,1899,_BRY,ARMS-CREP-Bryozoan,0.19430139751617997,1905,_SED,ARMS-CREP-Sediment,0.05296260584678817,1889,_CAWT,ARMS-CREP-Calcareous Worm Tube,0.03992031442222484,1897,_BI,ARMS-CREP-Bivalve
0,HKARMS01_2B.jpg,4915,3176,0.39262580380324263,1889,_CAWT,ARMS-CREP-Calcareous Worm Tube,0.21948136983935387,1905,_SED,ARMS-CREP-Sediment,0.08818274142547855,1899,_BRY,ARMS-CREP-Bryozoan,0.07459685258949876,1891,_FORM,ARMS-CREP-Foraminifera,0.05689698246471939,1903,_SP,ARMS-CREP-Sponge
0,HKARMS01_2B.jpg,5351,3176,0.31702444758730264,1903,_SP,ARMS-CREP-Sponge,0.3082124549436702,1905,_SED,ARMS-CREP-Sediment,0.24179872056730958,1899,_BRY,ARMS-CREP-Bryozoan,0.04143117656599548,1891,_FORM,ARMS-CREP-Foraminifera,0.028657924595014036,2787,_BFILM,ARMS-Biofilm
0,HKARMS01_2B.jpg,5788,3176,0.35982428640644554,1899,_BRY,ARMS-CREP-Bryozoan,0.24508538293672158,1889,_CAWT,ARMS-CREP-Calcareous Worm Tube,0.11698793865207244,1903,_SP,ARMS-CREP-Sponge,0.09684281457963341,1905,_SED,ARMS-CREP-Sediment,0.03687236850752424,1895,_TUNC,ARMS-CREP-Tunicate Colonial
0,HKARMS01_2B.jpg,118,3613,0.38455119203123816,1899,_BRY,ARMS-CREP-Bryozoan,0.16513078417514676,1897,_BI,ARMS-CREP-Bivalve,0.14785365621603516,1903,_SP,ARMS-CREP-Sponge,0.11337717403888478,1898,_BIEM,ARMS-CREP-Bivalve-empty,0.06812274096273856,988,_BAR,Barnacles
0,HKARMS01_2B.jpg,554,3613,0.36607450686221926,1903,_SP,ARMS-CREP-Sponge,0.2211588579162384,1603,_TUNS,Individual Tunicates,0.1394377843984493,1887,_UNAV,ARMS-CREP-Unavailable,0.07795664607942897,1897,_BI,ARMS-CREP-Bivalve,0.07545846117942427,1905,_SED,ARMS-CREP-Sediment
0,HKARMS01_2B.jpg,990,3613,0.47676864475583636,1903,_SP,ARMS-CREP-Sponge,0.1607568894488459,1603,_TUNS,Individual Tunicates,0.11476447901835245,1905,_SED,ARMS-CREP-Sediment,0.09255351381635481,1897,_BI,ARMS-CREP-Bivalve,0.029291645727306127,1899,_BRY,ARMS-CREP-Bryozoan
0,HKARMS01_2B.jpg,1426,3613,0.4249508677036504,1887,_UNAV,ARMS-CREP-Unavailable,0.2786115150607539,1898,_BIEM,ARMS-CREP-Bivalve-empty,0.09644074615724134,1897,_BI,ARMS-CREP-Bivalve,0.0625422109042877,1886,_NR,ARMS-CREP-No Recruitment,0.06162391408061592,1603,_TUNS,Individual Tunicates
0,HKARMS01_2B.jpg,1862,3613,0.684211137916409,1899,_BRY,ARMS-CREP-Bryozoan,0.14843181914344153,1886,_NR,ARMS-CREP-No Recruitment,0.05745020527129549,1898,_BIEM,ARMS-CREP-Bivalve-empty,0.02332961970184302,1903,_SP,ARMS-CREP-Sponge,0.019194649135787153,1887,_UNAV,ARMS-CREP-Unavailable
0,HKARMS01_2B.jpg,2298,3613,0.5293332018180881,1886,_NR,ARMS-CREP-No Recruitment,0.44023636855332887,1887,_UNAV,ARMS-CREP-Unavailable,0.017745808723887847,2787,_BFILM,ARMS-Biofilm,0.0028804847018798914,1905,_SED,ARMS-CREP-Sediment,0.002602827627705596,1899,_BRY,ARMS-CREP-Bryozoan
0,HKARMS01_2B.jpg,2734,3613,0.38272603797598,1905,_SED,ARMS-CREP-Sediment,0.295160212748513,1889,_CAWT,ARMS-CREP-Calcareous Worm Tube,0.21778676902529787,2787,_BFILM,ARMS-Biofilm,0.02884924086915918,1886,_NR,ARMS-CREP-No Recruitment,0.018466015288090002,1897,_BI,ARMS-CREP-Bivalve
0,HKARMS01_2B.jpg,3171,3613,0.5080254048673926,1887,_UNAV,ARMS-CREP-Unavailable,0.12562048553788766,1905,_SED,ARMS-CREP-Sediment,0.12388426296524531,1889,_CAWT,ARMS-CREP-Calcareous Worm Tube,0.08074198792945686,2787,_BFILM,ARMS-Biofilm,0.03298722440595503,1899,_BRY,ARMS-CREP-Bryozoan
0,HKARMS01_2B.jpg,3607,3613,0.6727998803438758,1887,_UNAV,ARMS-CREP-Unavailable,0.28585103105253695,1886,_NR,ARMS-CREP-No Recruitment,0.006752333185034959,2787,_BFILM,ARMS-Biofilm,0.006736875988924595,1898,_BIEM,ARMS-CREP-Bivalve-empty,0.0066830105157796756,1871,_CCA,ARMS-CREP-CCA
0,HKARMS01_2B.jpg,4043,3613,0.646491225802491,1889,_CAWT,ARMS-CREP-Calcareous Worm Tube,0.15515009313372707,1903,_SP,ARMS-CREP-Sponge,0.05441971986031412,1887,_UNAV,ARMS-CREP-Unavailable,0.040206054758060224,1891,_FORM,ARMS-CREP-Foraminifera,0.03419605699829034,1899,_BRY,ARMS-CREP-Bryozoan
0,HKARMS01_2B.jpg,4479,3613,0.5304787139247015,1903,_SP,ARMS-CREP-Sponge,0.16644050916423775,1897,_BI,ARMS-CREP-Bivalve,0.08075624541143417,1905,_SED,ARMS-CREP-Sediment,0.06804891697543444,1899,_BRY,ARMS-CREP-Bryozoan,0.04737525998797926,1889,_CAWT,ARMS-CREP-Calcareous Worm Tube
0,HKARMS01_2B.jpg,4915,3613,0.3291185440072282,1899,_BRY,ARMS-CREP-Bryozoan,0.32316987326273816,1903,_SP,ARMS-CREP-Sponge,0.12269438359641475,1897,_BI,ARMS-CREP-Bivalve,0.06637369147041672,1603,_TUNS,Individual Tunicates,0.03904416214712255,1905,_SED,ARMS-CREP-Sediment
0,HKARMS01_2B.jpg,5351,3613,0.9374145450914481,1899,_BRY,ARMS-CREP-Bryozoan,0.02469073078823881,1905,_SED,ARMS-CREP-Sediment,0.01101617958307868,1897,_BI,ARMS-CREP-Bivalve,0.007021071162249119,2787,_BFILM,ARMS-Biofilm,0.003631472746719194,1891,_FORM,ARMS-CREP-Foraminifera
0,HKARMS01_2B.jpg,5788,3613,0.9212602984037624,1899,_BRY,ARMS-CREP-Bryozoan,0.020161960170630735,1886,_NR,ARMS-CREP-No Recruitment,0.015580155560840915,1903,_SP,ARMS-CREP-Sponge,0.01394029654168696,1897,_BI,ARMS-CREP-Bivalve,0.009901574286546543,1905,_SED,ARMS-CREP-Sediment
0,HKARMS01_2B.jpg,118,4050,0.27533256177058474,1897,_BI,ARMS-CREP-Bivalve,0.21372408518394212,1899,_BRY,ARMS-CREP-Bryozoan,0.14873347173144716,1903,_SP,ARMS-CREP-Sponge,0.08597981397604568,1905,_SED,ARMS-CREP-Sediment,0.08348990897943037,988,_BAR,Barnacles
0,HKARMS01_2B.jpg,554,4050,0.8187081156222263,1903,_SP,ARMS-CREP-Sponge,0.05921814233237789,1897,_BI,ARMS-CREP-Bivalve,0.05107338630354232,1886,_NR,ARMS-CREP-No Recruitment,0.02949420587747434,1899,_BRY,ARMS-CREP-Bryozoan,0.014275194995515016,1898,_BIEM,ARMS-CREP-Bivalve-empty
0,HKARMS01_2B.jpg,990,4050,0.6123181428195638,1903,_SP,ARMS-CREP-Sponge,0.26208928424636074,1899,_BRY,ARMS-CREP-Bryozoan,0.05266153400226659,1897,_BI,ARMS-CREP-Bivalve,0.02850956112925653,1603,_TUNS,Individual Tunicates,0.02439475568779523,1889,_CAWT,ARMS-CREP-Calcareous Worm Tube
0,HKARMS01_2B.jpg,1426,4050,0.26323447723677623,1899,_BRY,ARMS-CREP-Bryozoan,0.23525213980536344,1905,_SED,ARMS-CREP-Sediment,0.09297695802374728,2787,_BFILM,ARMS-Biofilm,0.07624795912504914,1897,_BI,ARMS-CREP-Bivalve,0.06436243712418808,1903,_SP,ARMS-CREP-Sponge
0,HKARMS01_2B.jpg,1862,4050,0.3113496784268623,1894,_SOWT,ARMS-CREP-Soft Worm Tube,0.2973707180357075,1889,_CAWT,ARMS-CREP-Calcareous Worm Tube,0.09746969490820027,1890,_EGG,ARMS-CREP-Eggs,0.06093621742489045,988,_BAR,Barnacles,0.06077243818209485,1897,_BI,ARMS-CREP-Bivalve
0,HKARMS01_2B.jpg,2298,4050,0.5504691651343432,1886,_NR,ARMS-CREP-No Recruitment,0.21376974442422955,2787,_BFILM,ARMS-Biofilm,0.17010702684402793,1905,_SED,ARMS-CREP-Sediment,0.028069395304254337,1903,_SP,ARMS-CREP-Sponge,0.010886168147670999,1899,_BRY,ARMS-CREP-Bryozoan
0,HKARMS01_2B.jpg,2734,4050,0.6608524952856699,2787,_BFILM,ARMS-Biofilm,0.16623105918624306,1889,_CAWT,ARMS-CREP-Calcareous Worm Tube,0.06572186296285652,1886,_NR,ARMS-CREP-No Recruitment,0.05913727318704603,1905,_SED,ARMS-CREP-Sediment,0.010810918325588873,1899,_BRY,ARMS-CREP-Bryozoan
0,HKARMS01_2B.jpg,3171,4050,0.5474252253835729,1886,_NR,ARMS-CREP-No Recruitment,0.21807636699324462,2787,_BFILM,ARMS-Biofilm,0.10684675017059925,1905,_SED,ARMS-CREP-Sediment,0.08502637737836949,1889,_CAWT,ARMS-CREP-Calcareous Worm Tube,0.021648292555190934,1899,_BRY,ARMS-CREP-Bryozoan
0,HKARMS01_2B.jpg,3607,4050,0.39507863561121104,2787,_BFILM,ARMS-Biofilm,0.20086364876811594,1889,_CAWT,ARMS-CREP-Calcareous Worm Tube,0.2005172854520159,1905,_SED,ARMS-CREP-Sediment,0.11427435456912677,1886,_NR,ARMS-CREP-No Recruitment,0.05377529554134751,1887,_UNAV,ARMS-CREP-Unavailable
0,HKARMS01_2B.jpg,4043,4050,0.7810067029336173,1887,_UNAV,ARMS-CREP-Unavailable,0.06596997355946858,1886,_NR,ARMS-CREP-No Recruitment,0.04039583902289432,1871,_CCA,ARMS-CREP-CCA,0.028170393163562107,2787,_BFILM,ARMS-Biofilm,0.023795628256689447,1905,_SED,ARMS-CREP-Sediment
0,HKARMS01_2B.jpg,4479,4050,0.31907503042757507,1889,_CAWT,ARMS-CREP-Calcareous Worm Tube,0.2690606835722777,1905,_SED,ARMS-CREP-Sediment,0.09404641803204045,2787,_BFILM,ARMS-Biofilm,0.08073572512556577,1903,_SP,ARMS-CREP-Sponge,0.07875195728393222,1887,_UNAV,ARMS-CREP-Unavailable
0,HKARMS01_2B.jpg,4915,4050,0.272093989083102,1903,_SP,ARMS-CREP-Sponge,0.2670108527305785,1905,_SED,ARMS-CREP-Sediment,0.15243488626257057,1899,_BRY,ARMS-CREP-Bryozoan,0.11438310507943056,1897,_BI,ARMS-CREP-Bivalve,0.058307193047437485,1891,_FORM,ARMS-CREP-Foraminifera
0,HKARMS01_2B.jpg,5351,4050,0.5656806852849807,1905,_SED,ARMS-CREP-Sediment,0.2041561944501289,2787,_BFILM,ARMS-Biofilm,0.10463899608234725,1899,_BRY,ARMS-CREP-Bryozoan,0.03584643138002314,1903,_SP,ARMS-CREP-Sponge,0.023815503287018657,1891,_FORM,ARMS-CREP-Foraminifera
0,HKARMS01_2B.jpg,5788,4050,0.40493658647948955,1905,_SED,ARMS-CREP-Sediment,0.2487368507652896,1899,_BRY,ARMS-CREP-Bryozoan,0.08296344214236857,2787,_BFILM,ARMS-Biofilm,0.07477652154343473,1897,_BI,ARMS-CREP-Bivalve,0.06576996691148736,1903,_SP,ARMS-CREP-Sponge
0,HKARMS01_2B.jpg,118,4487,0.2496873631386369,1899,_BRY,ARMS-CREP-Bryozoan,0.12885692241869576,1897,_BI,ARMS-CREP-Bivalve,0.1277561351849135,988,_BAR,Barnacles,0.09162659363337733,2787,_BFILM,ARMS-Biofilm,0.09036880044010874,1903,_SP,ARMS-CREP-Sponge
0,HKARMS01_2B.jpg,554,4487,0.26334214117458726,2787,_BFILM,ARMS-Biofilm,0.25983580963102826,1886,_NR,ARMS-CREP-No Recruitment,0.135058057818648,1899,_BRY,ARMS-CREP-Bryozoan,0.12550242030985087,1887,_UNAV,ARMS-CREP-Unavailable,0.1188675846625601,1903,_SP,ARMS-CREP-Sponge
0,HKARMS01_2B.jpg,990,4487,0.20373000449087386,1897,_BI,ARMS-CREP-Bivalve,0.1568057654826918,1894,_SOWT,ARMS-CREP-Soft Worm Tube,0.15590386630585792,1889,_CAWT,ARMS-CREP-Calcareous Worm Tube,0.0986454238894678,1898,_BIEM,ARMS-CREP-Bivalve-empty,0.07480908958978229,1899,_BRY,ARMS-CREP-Bryozoan
0,HKARMS01_2B.jpg,1426,4487,0.9355031505516387,1887,_UNAV,ARMS-CREP-Unavailable,0.05213392874101406,1886,_NR,ARMS-CREP-No Recruitment,0.006127838652496413,1898,_BIEM,ARMS-CREP-Bivalve-empty,0.0032015892310910186,2787,_BFILM,ARMS-Biofilm,0.0007992374412388648,1899,_BRY,ARMS-CREP-Bryozoan
0,HKARMS01_2B.jpg,1862,4487,0.3940377130815703,2787,_BFILM,ARMS-Biofilm,0.2212124853523125,1889,_CAWT,ARMS-CREP-Calcareous Worm Tube,0.16312486928252018,1899,_BRY,ARMS-CREP-Bryozoan,0.11028559879700152,1905,_SED,ARMS-CREP-Sediment,0.0316971080339855,1897,_BI,ARMS-CREP-Bivalve
0,HKARMS01_2B.jpg,2298,4487,0.3776491325850746,2787,_BFILM,ARMS-Biofilm,0.22588537642438822,1889,_CAWT,ARMS-CREP-Calcareous Worm Tube,0.1989272126424102,1905,_SED,ARMS-CREP-Sediment,0.08444135533345985,1903,_SP,ARMS-CREP-Sponge,0.07125396565230577,1886,_NR,ARMS-CREP-No Recruitment
0,HKARMS01_2B.jpg,2734,4487,0.533032163384664,1889,_CAWT,ARMS-CREP-Calcareous Worm Tube,0.1808884035815468,1903,_SP,ARMS-CREP-Sponge,0.09663647912807816,1899,_BRY,ARMS-CREP-Bryozoan,0.052203526377384124,1905,_SED,ARMS-CREP-Sediment,0.04988308202930085,2787,_BFILM,ARMS-Biofilm
0,HKARMS01_2B.jpg,3171,4487,0.6765581191932378,2787,_BFILM,ARMS-Biofilm,0.10549971363658106,1905,_SED,ARMS-CREP-Sediment,0.06896150953278746,1886,_NR,ARMS-CREP-No Recruitment,0.06418836572487724,1889,_CAWT,ARMS-CREP-Calcareous Worm Tube,0.04235917940958179,1899,_BRY,ARMS-CREP-Bryozoan
0,HKARMS01_2B.jpg,3607,4487,0.5158104016958811,2787,_BFILM,ARMS-Biofilm,0.21984463800935586,1905,_SED,ARMS-CREP-Sediment,0.0924239305218653,1889,_CAWT,ARMS-CREP-Calcareous Worm Tube,0.051262006220021944,1886,_NR,ARMS-CREP-No Recruitment,0.034516316157532936,1903,_SP,ARMS-CREP-Sponge
0,HKARMS01_2B.jpg,4043,4487,0.6201924861094528,1887,_UNAV,ARMS-CREP-Unavailable,0.1586692907275701,1886,_NR,ARMS-CREP-No Recruitment,0.04063467203303446,1899,_BRY,ARMS-CREP-Bryozoan,0.039679480564622116,1897,_BI,ARMS-CREP-Bivalve,0.03024648460998328,1889,_CAWT,ARMS-CREP-Calcareous Worm Tube
0,HKARMS01_2B.jpg,4479,4487,0.7050411771673709,1887,_UNAV,ARMS-CREP-Unavailable,0.18030175174167512,1886,_NR,ARMS-CREP-No Recruitment,0.029753526683006796,1899,_BRY,ARMS-CREP-Bryozoan,0.02728124602633971,2787,_BFILM,ARMS-Biofilm,0.014438682592318298,1905,_SED,ARMS-CREP-Sediment
0,HKARMS01_2B.jpg,4915,4487,0.49879263334409485,1905,_SED,ARMS-CREP-Sediment,0.16628257237800975,2787,_BFILM,ARMS-Biofilm,0.1025084021797868,1899,_BRY,ARMS-CREP-Bryozoan,0.08389095796322017,1889,_CAWT,ARMS-CREP-Calcareous Worm Tube,0.04057914901177911,1886,_NR,ARMS-CREP-No Recruitment
0,HKARMS01_2B.jpg,5351,4487,0.33609720543390526,2787,_BFILM,ARMS-Biofilm,0.3231295790153098,1905,_SED,ARMS-CREP-Sediment,0.2745621353824083,1886,_NR,ARMS-CREP-No Recruitment,0.017910755536994186,1899,_BRY,ARMS-CREP-Bryozoan,0.017517341750056346,1891,_FORM,ARMS-CREP-Foraminifera
0,HKARMS01_2B.jpg,5788,4487,0.8386752846996467,1871,_CCA,ARMS-CREP-CCA,0.03790059106505414,1899,_BRY,ARMS-CREP-Bryozoan,0.03729388351093778,1905,_SED,ARMS-CREP-Sediment,0.017244413889440216,1903,_SP,ARMS-CREP-Sponge,0.01510658163180229,1886,_NR,ARMS-CREP-No Recruitment
0,HKARMS01_2B.jpg,118,4924,0.3800635440979798,988,_BAR,Barnacles,0.26564675211628813,1889,_CAWT,ARMS-CREP-Calcareous Worm Tube,0.06692242668456917,1887,_UNAV,ARMS-CREP-Unavailable,0.06095710824863989,1898,_BIEM,ARMS-CREP-Bivalve-empty,0.04879874054679428,1899,_BRY,ARMS-CREP-Bryozoan
0,HKARMS01_2B.jpg,554,4924,0.5785454909477228,1886,_NR,ARMS-CREP-No Recruitment,0.11225793841813148,1887,_UNAV,ARMS-CREP-Unavailable,0.11174714882889689,1898,_BIEM,ARMS-CREP-Bivalve-empty,0.04236894160512741,1899,_BRY,ARMS-CREP-Bryozoan,0.03109236445752062,1897,_BI,ARMS-CREP-Bivalve
0,HKARMS01_2B.jpg,990,4924,0.5188675403015292,1886,_NR,ARMS-CREP-No Recruitment,0.38648145737296974,1887,_UNAV,ARMS-CREP-Unavailable,0.02243983139447684,1899,_BRY,ARMS-CREP-Bryozoan,0.02035979588969839,1898,_BIEM,ARMS-CREP-Bivalve-empty,0.013226890260684828,2787,_BFILM,ARMS-Biofilm
0,HKARMS01_2B.jpg,1426,4924,0.7332405633963284,1903,_SP,ARMS-CREP-Sponge,0.09269915927971219,1905,_SED,ARMS-CREP-Sediment,0.07344194959787538,1899,_BRY,ARMS-CREP-Bryozoan,0.03260522389600381,1886,_NR,ARMS-CREP-No Recruitment,0.027665297369081555,1887,_UNAV,ARMS-CREP-Unavailable
0,HKARMS01_2B.jpg,1862,4924,0.41426550840456117,1903,_SP,ARMS-CREP-Sponge,0.3259628505503483,1899,_BRY,ARMS-CREP-Bryozoan,0.0650829171683036,1897,_BI,ARMS-CREP-Bivalve,0.057499061620851125,1905,_SED,ARMS-CREP-Sediment,0.05520925872518537,1603,_TUNS,Individual Tunicates
0,HKARMS01_2B.jpg,2298,4924,0.7992390828811539,1903,_SP,ARMS-CREP-Sponge,0.054355994203020716,1603,_TUNS,Individual Tunicates,0.04297926219288887,1886,_NR,ARMS-CREP-No Recruitment,0.03195232929061422,1897,_BI,ARMS-CREP-Bivalve,0.017778992906949315,2787,_BFILM,ARMS-Biofilm
0,HKARMS01_2B.jpg,2734,4924,0.6397412862412024,1903,_SP,ARMS-CREP-Sponge,0.22657649414725511,1899,_BRY,ARMS-CREP-Bryozoan,0.03713040194990412,1892,_GAS,ARMS-CREP-Gastropoda,0.022570391146088022,1897,_BI,ARMS-CREP-Bivalve,0.015177158335018322,1603,_TUNS,Individual Tunicates
0,HKARMS01_2B.jpg,3171,4924,0.7124544359866071,1903,_SP,ARMS-CREP-Sponge,0.149240117595157,1905,_SED,ARMS-CREP-Sediment,0.06037830952846035,1899,_BRY,ARMS-CREP-Bryozoan,0.02581896732761474,2787,_BFILM,ARMS-Biofilm,0.013882009677645685,1887,_UNAV,ARMS-CREP-Unavailable
0,HKARMS01_2B.jpg,3607,4924,0.33575884302991493,1899,_BRY,ARMS-CREP-Bryozoan,0.2289076929810042,1903,_SP,ARMS-CREP-Sponge,0.1823423673626616,1905,_SED,ARMS-CREP-Sediment,0.05689279961443195,1898,_BIEM,ARMS-CREP-Bivalve-empty,0.044890533837063325,1897,_BI,ARMS-CREP-Bivalve
0,HKARMS01_2B.jpg,4043,4924,0.2675244264125145,1889,_CAWT,ARMS-CREP-Calcareous Worm Tube,0.2527875874888211,1899,_BRY,ARMS-CREP-Bryozoan,0.22257418771403167,1903,_SP,ARMS-CREP-Sponge,0.05678961306778148,1905,_SED,ARMS-CREP-Sediment,0.04442928622014899,1897,_BI,ARMS-CREP-Bivalve
0,HKARMS01_2B.jpg,4479,4924,0.5986230662736418,1889,_CAWT,ARMS-CREP-Calcareous Worm Tube,0.13770522292158424,1886,_NR,ARMS-CREP-No Recruitment,0.05880744497593973,1903,_SP,ARMS-CREP-Sponge,0.04444281733300547,1899,_BRY,ARMS-CREP-Bryozoan,0.04005204519311228,1887,_UNAV,ARMS-CREP-Unavailable
0,HKARMS01_2B.jpg,4915,4924,0.7359897768617547,1886,_NR,ARMS-CREP-No Recruitment,0.17542431250875903,1887,_UNAV,ARMS-CREP-Unavailable,0.03277121727720313,2787,_BFILM,ARMS-Biofilm,0.026821006696033284,1905,_SED,ARMS-CREP-Sediment,0.009968559088395132,1899,_BRY,ARMS-CREP-Bryozoan
0,HKARMS01_2B.jpg,5351,4924,0.47275624076060574,1887,_UNAV,ARMS-CREP-Unavailable,0.26233760407560774,1886,_NR,ARMS-CREP-No Recruitment,0.1384892115040587,1905,_SED,ARMS-CREP-Sediment,0.060425332575571616,1897,_BI,ARMS-CREP-Bivalve,0.024296596156589276,1899,_BRY,ARMS-CREP-Bryozoan
0,HKARMS01_2B.jpg,5788,4924,0.7610720517845576,1886,_NR,ARMS-CREP-No Recruitment,0.12736877067936486,2787,_BFILM,ARMS-Biofilm,0.0452273572759035,1889,_CAWT,ARMS-CREP-Calcareous Worm Tube,0.04404390483992446,1887,_UNAV,ARMS-CREP-Unavailable,0.009809551841011493,1905,_SED,ARMS-CREP-Sediment
0,HKARMS01_2B.jpg,118,5361,0.6897403352003628,1886,_NR,ARMS-CREP-No Recruitment,0.2667094190852764,1887,_UNAV,ARMS-CREP-Unavailable,0.024485612893137595,2787,_BFILM,ARMS-Biofilm,0.005824014499178312,1905,_SED,ARMS-CREP-Sediment,0.004919181569868863,1889,_CAWT,ARMS-CREP-Calcareous Worm Tube
0,HKARMS01_2B.jpg,554,5361,0.9623130898266441,1887,_UNAV,ARMS-CREP-Unavailable,0.02862036460562462,1898,_BIEM,ARMS-CREP-Bivalve-empty,0.0029319201374813373,1886,_NR,ARMS-CREP-No Recruitment,0.0008342853636733661,2787,_BFILM,ARMS-Biofilm,0.0008336242511814746,1897,_BI,ARMS-CREP-Bivalve
0,HKARMS01_2B.jpg,990,5361,0.44882239904053167,1889,_CAWT,ARMS-CREP-Calcareous Worm Tube,0.18566944005082545,1899,_BRY,ARMS-CREP-Bryozoan,0.08911674690830973,1905,_SED,ARMS-CREP-Sediment,0.0848195831703313,1891,_FORM,ARMS-CREP-Foraminifera,0.06362705309142443,1886,_NR,ARMS-CREP-No Recruitment
0,HKARMS01_2B.jpg,1426,5361,0.7323261658031405,1903,_SP,ARMS-CREP-Sponge,0.14586793503151282,1603,_TUNS,Individual Tunicates,0.05169364300405041,1899,_BRY,ARMS-CREP-Bryozoan,0.020365328301496458,1886,_NR,ARMS-CREP-No Recruitment,0.014442104982611025,1905,_SED,ARMS-CREP-Sediment
0,HKARMS01_2B.jpg,1862,5361,0.592070216267447,1903,_SP,ARMS-CREP-Sponge,0.30079644344095696,1899,_BRY,ARMS-CREP-Bryozoan,0.03604648115999945,1603,_TUNS,Individual Tunicates,0.027558108590147,2787,_BFILM,ARMS-Biofilm,0.008279198542569572,1886,_NR,ARMS-CREP-No Recruitment
0,HKARMS01_2B.jpg,2298,5361,0.8418805294006643,1903,_SP,ARMS-CREP-Sponge,0.04709531816480191,1899,_BRY,ARMS-CREP-Bryozoan,0.03930864419430918,1887,_UNAV,ARMS-CREP-Unavailable,0.013058311906395871,1892,_GAS,ARMS-CREP-Gastropoda,0.012608435678782677,2787,_BFILM,ARMS-Biofilm
0,HKARMS01_2B.jpg,2734,5361,0.5798751851590066,1903,_SP,ARMS-CREP-Sponge,0.3777223657798947,1899,_BRY,ARMS-CREP-Bryozoan,0.010972576469323113,2787,_BFILM,ARMS-Biofilm,0.006246877385581583,1886,_NR,ARMS-CREP-No Recruitment,0.006106453575511602,1905,_SED,ARMS-CREP-Sediment
0,HKARMS01_2B.jpg,3171,5361,0.8442335870482802,1903,_SP,ARMS-CREP-Sponge,0.03473168412140791,1897,_BI,ARMS-CREP-Bivalve,0.03138257884611178,1887,_UNAV,ARMS-CREP-Unavailable,0.02448795474270637,1899,_BRY,ARMS-CREP-Bryozoan,0.013620572798468759,1898,_BIEM,ARMS-CREP-Bivalve-empty
0,HKARMS01_2B.jpg,3607,5361,0.8035643464594169,1903,_SP,ARMS-CREP-Sponge,0.10283542671264807,1899,_BRY,ARMS-CREP-Bryozoan,0.028837098173907495,1603,_TUNS,Individual Tunicates,0.017202317482500444,2787,_BFILM,ARMS-Biofilm,0.010692864501201113,1886,_NR,ARMS-CREP-No Recruitment
0,HKARMS01_2B.jpg,4043,5361,0.8389230068335608,1903,_SP,ARMS-CREP-Sponge,0.05297614848509146,1899,_BRY,ARMS-CREP-Bryozoan,0.028670096062414767,1603,_TUNS,Individual Tunicates,0.024148508420539734,1886,_NR,ARMS-CREP-No Recruitment,0.01379953537737885,1887,_UNAV,ARMS-CREP-Unavailable
0,HKARMS01_2B.jpg,4479,5361,0.6318022447101798,1903,_SP,ARMS-CREP-Sponge,0.29158765716361174,1899,_BRY,ARMS-CREP-Bryozoan,0.03401922462431825,1905,_SED,ARMS-CREP-Sediment,0.008913933247359205,2787,_BFILM,ARMS-Biofilm,0.008188196155546732,1886,_NR,ARMS-CREP-No Recruitment
0,HKARMS01_2B.jpg,4915,5361,0.702303032698817,1886,_NR,ARMS-CREP-No Recruitment,0.07650613092797771,1887,_UNAV,ARMS-CREP-Unavailable,0.06854335610505906,2787,_BFILM,ARMS-Biofilm,0.05429497411470398,1897,_BI,ARMS-CREP-Bivalve,0.040219336375268616,1903,_SP,ARMS-CREP-Sponge
0,HKARMS01_2B.jpg,5351,5361,0.9898001463136614,1887,_UNAV,ARMS-CREP-Unavailable,0.002356392251751252,1890,_EGG,ARMS-CREP-Eggs,0.001583067203936547,2787,_BFILM,ARMS-Biofilm,0.0013767049434125825,988,_BAR,Barnacles,0.0011369162586950365,1898,_BIEM,ARMS-CREP-Bivalve-empty
0,HKARMS01_2B.jpg,5788,5361,0.8611905461792663,1886,_NR,ARMS-CREP-No Recruitment,0.0630087052703532,2787,_BFILM,ARMS-Biofilm,0.05144100695642292,1887,_UNAV,ARMS-CREP-Unavailable,0.006288990754591987,1899,_BRY,ARMS-CREP-Bryozoan,0.004053897334845379,1905,_SED,ARMS-CREP-Sediment
0,HKARMS01_2B.jpg,118,5798,0.8119806066538313,1886,_NR,ARMS-CREP-No Recruitment,0.11849768696046588,2787,_BFILM,ARMS-Biofilm,0.03619112308312024,1889,_CAWT,ARMS-CREP-Calcareous Worm Tube,0.01330570163408773,1899,_BRY,ARMS-CREP-Bryozoan,0.008381633522776114,1887,_UNAV,ARMS-CREP-Unavailable
0,HKARMS01_2B.jpg,554,5798,0.5404123764813287,1889,_CAWT,ARMS-CREP-Calcareous Worm Tube,0.11341773388628132,1898,_BIEM,ARMS-CREP-Bivalve-empty,0.09049873963713173,1899,_BRY,ARMS-CREP-Bryozoan,0.07897346287046896,1886,_NR,ARMS-CREP-No Recruitment,0.05111657933003855,988,_BAR,Barnacles
0,HKARMS01_2B.jpg,990,5798,0.7265416676876366,1886,_NR,ARMS-CREP-No Recruitment,0.0972788189463866,2787,_BFILM,ARMS-Biofilm,0.07280210265269613,1905,_SED,ARMS-CREP-Sediment,0.05811482612120112,1899,_BRY,ARMS-CREP-Bryozoan,0.013161563713511326,1903,_SP,ARMS-CREP-Sponge
0,HKARMS01_2B.jpg,1426,5798,0.5129449768412603,1903,_SP,ARMS-CREP-Sponge,0.3035877964551798,1899,_BRY,ARMS-CREP-Bryozoan,0.07936572653001339,1603,_TUNS,Individual Tunicates,0.05723657606214218,1883,_RDEN,ARMS-CREP-Red encrusting macroalgae,0.013410128936595189,1897,_BI,ARMS-CREP-Bivalve
0,HKARMS01_2B.jpg,1862,5798,0.35760186208642575,1899,_BRY,ARMS-CREP-Bryozoan,0.2919913912866922,1903,_SP,ARMS-CREP-Sponge,0.17744268111927694,1603,_TUNS,Individual Tunicates,0.12081582321659233,1883,_RDEN,ARMS-CREP-Red encrusting macroalgae,0.01782411564690995,1897,_BI,ARMS-CREP-Bivalve
0,HKARMS01_2B.jpg,2298,5798,0.48224753513243457,1903,_SP,ARMS-CREP-Sponge,0.24477403947681087,1603,_TUNS,Individual Tunicates,0.10739343416939395,1886,_NR,ARMS-CREP-No Recruitment,0.047054147099129764,1899,_BRY,ARMS-CREP-Bryozoan,0.045988182714791444,1883,_RDEN,ARMS-CREP-Red encrusting macroalgae
0,HKARMS01_2B.jpg,2734,5798,0.6192520640810601,1899,_BRY,ARMS-CREP-Bryozoan,0.1335016658344583,1903,_SP,ARMS-CREP-Sponge,0.07100777130292507,1603,_TUNS,Individual Tunicates,0.055281385309383264,1905,_SED,ARMS-CREP-Sediment,0.04030866910536201,1883,_RDEN,ARMS-CREP-Red encrusting macroalgae
0,HKARMS01_2B.jpg,3171,5798,0.4619738332711654,1899,_BRY,ARMS-CREP-Bryozoan,0.3892265880677734,1903,_SP,ARMS-CREP-Sponge,0.08662272879765485,1603,_TUNS,Individual Tunicates,0.0170129480576479,1883,_RDEN,ARMS-CREP-Red encrusting macroalgae,0.015680611929401962,1886,_NR,ARMS-CREP-No Recruitment
0,HKARMS01_2B.jpg,3607,5798,0.7920846191651789,1903,_SP,ARMS-CREP-Sponge,0.08913680277601216,1899,_BRY,ARMS-CREP-Bryozoan,0.03457441197206746,1886,_NR,ARMS-CREP-No Recruitment,0.03121008987070853,1603,_TUNS,Individual Tunicates,0.017026526761098552,2787,_BFILM,ARMS-Biofilm
0,HKARMS01_2B.jpg,4043,5798,0.8605737870021077,1903,_SP,ARMS-CREP-Sponge,0.040467705886935365,1887,_UNAV,ARMS-CREP-Unavailable,0.0401561589351915,1899,_BRY,ARMS-CREP-Bryozoan,0.030077500721187804,1886,_NR,ARMS-CREP-No Recruitment,0.007764652091639534,1897,_BI,ARMS-CREP-Bivalve
0,HKARMS01_2B.jpg,4479,5798,0.41966560346653675,1883,_RDEN,ARMS-CREP-Red encrusting macroalgae,0.3258499561753927,1903,_SP,ARMS-CREP-Sponge,0.09602789575995356,1905,_SED,ARMS-CREP-Sediment,0.06109760819514689,1899,_BRY,ARMS-CREP-Bryozoan,0.022142334796706343,1603,_TUNS,Individual Tunicates
0,HKARMS01_2B.jpg,4915,5798,0.522609962435904,1903,_SP,ARMS-CREP-Sponge,0.2574620566075934,1899,_BRY,ARMS-CREP-Bryozoan,0.0710202298705628,1905,_SED,ARMS-CREP-Sediment,0.046601086154375616,1883,_RDEN,ARMS-CREP-Red encrusting macroalgae,0.019111342746518916,1895,_TUNC,ARMS-CREP-Tunicate Colonial
0,HKARMS01_2B.jpg,5351,5798,0.4058677154422356,1883,_RDEN,ARMS-CREP-Red encrusting macroalgae,0.27462409046340674,1886,_NR,ARMS-CREP-No Recruitment,0.12307442141786494,1905,_SED,ARMS-CREP-Sediment,0.11416599331982924,1899,_BRY,ARMS-CREP-Bryozoan,0.019522707989487145,1897,_BI,ARMS-CREP-Bivalve
0,HKARMS01_2B.jpg,5788,5798,0.4484420420655449,1871,_CCA,ARMS-CREP-CCA,0.17345266376406593,1905,_SED,ARMS-CREP-Sediment,0.06659922947864402,1889,_CAWT,ARMS-CREP-Calcareous Worm Tube,0.06260344664357102,1899,_BRY,ARMS-CREP-Bryozoan,0.03501713246720747,1883,_RDEN,ARMS-CREP-Red encrusting macroalgae
0,HKARMS01_2B.jpg,1075,4356,0.4988308344771973,1903,_SP,ARMS-CREP-Sponge,0.17563034871992628,1899,_BRY,ARMS-CREP-Bryozoan,0.14303815652884763,1897,_BI,ARMS-CREP-Bivalve,0.0868399674241169,1603,_TUNS,Individual Tunicates,0.044153213069676345,1905,_SED,ARMS-CREP-Sediment
0,HKARMS01_2B.jpg,4637,575,0.3029224915777411,1897,_BI,ARMS-CREP-Bivalve,0.2800598888947369,1903,_SP,ARMS-CREP-Sponge,0.155598619037132,1898,_BIEM,ARMS-CREP-Bivalve-empty,0.11517607803373602,988,_BAR,Barnacles,0.07124436000922549,1899,_BRY,ARMS-CREP-Bryozoan
0,HKARMS01_2B.jpg,2176,2459,0.479811968587933,1887,_UNAV,ARMS-CREP-Unavailable,0.4635893886424798,1886,_NR,ARMS-CREP-No Recruitment,0.04040185925838999,2787,_BFILM,ARMS-Biofilm,0.006021081888093435,1905,_SED,ARMS-CREP-Sediment,0.0032853412923145543,1898,_BIEM,ARMS-CREP-Bivalve-empty
0,HKARMS01_2B.jpg,5046,4285,0.41886985220788114,1905,_SED,ARMS-CREP-Sediment,0.3492197588989468,2787,_BFILM,ARMS-Biofilm,0.043878546151789675,1883,_RDEN,ARMS-CREP-Red encrusting macroalgae,0.04219742866337964,1873,_BREN,ARMS-CREP-Brown encrusting macroalgae,0.027703673503780696,1895,_TUNC,ARMS-CREP-Tunicate Colonial
